0.000000000000000000e+00,0.000000000000000000e+00,1.549768535711067430e-01,0.000000000000000000e+00,0.000000000000000000e+00,0.000000000000000000e+00,0.000000000000000000e+00,0.000000000000000000e+00,0.000000000000000000e+00,0.000000000000000000e+00,0.000000000000000000e+00,0.000000000000000000e+00,0.000000000000000000e+00,-3.175452115963397492e-01,0.000000000000000000e+00,0.000000000000000000e+00,0.000000000000000000e+00,0.000000000000000000e+00,0.000000000000000000e+00,0.000000000000000000e+00
0.000000000000000000e+00,0.000000000000000000e+00,0.000000000000000000e+00,0.000000000000000000e+00,0.000000000000000000e+00,0.000000000000000000e+00,0.000000000000000000e+00,0.000000000000000000e+00,0.000000000000000000e+00,0.000000000000000000e+00,-4.575228288332122695e-03,-1.675598442625159112e-03,0.000000000000000000e+00,0.000000000000000000e+00,0.000000000000000000e+00,0.000000000000000000e+00,8.989223813095643945e-02,-1.918527220163664115e-01,0.000000000000000000e+00,0.000000000000000000e+00
1.549768535711067430e-01,0.000000000000000000e+00,0.000000000000000000e+00,0.000000000000000000e+00,0.000000000000000000e+00,0.000000000000000000e+00,0.000000000000000000e+00,0.000000000000000000e+00,0.000000000000000000e+00,0.000000000000000000e+00,1.573224994420148737e-01,0.000000000000000000e+00,0.000000000000000000e+00,0.000000000000000000e+00,0.000000000000000000e+00,0.000000000000000000e+00,0.000000000000000000e+00,0.000000000000000000e+00,0.000000000000000000e+00,0.000000000000000000e+00
0.000000000000000000e+00,0.000000000000000000e+00,0.000000000000000000e+00,0.000000000000000000e+00,3.289877667869092054e-02,0.000000000000000000e+00,-1.647826898827758346e-01,0.000000000000000000e+00,0.000000000000000000e+00,0.000000000000000000e+00,0.000000000000000000e+00,-8.349400093728781558e-03,9.278890036117516671e-02,6.040245868148780284e-02,-4.312883867723287801e-01,0.000000000000000000e+00,2.436681672755448003e-01,-9.010800811366134755e-02,5.517190259866441848e-02,0.000000000000000000e+00
0.000000000000000000e+00,0.000000000000000000e+00,0.000000000000000000e+00,3.289877667869092054e-02,0.000000000000000000e+00,0.000000000000000000e+00,0.000000000000000000e+00,6.581127114998042149e-02,0.000000000000000000e+00,0.000000000000000000e+00,-1.431745178919958672e-01,0.000000000000000000e+00,0.000000000000000000e+00,0.000000000000000000e+00,1.946413569535893617e-01,0.000000000000000000e+00,0.000000000000000000e+00,0.000000000000000000e+00,0.000000000000000000e+00,0.000000000000000000e+00
0.000000000000000000e+00,0.000000000000000000e+00,0.000000000000000000e+00,0.000000000000000000e+00,0.000000000000000000e+00,0.000000000000000000e+00,0.000000000000000000e+00,0.000000000000000000e+00,7.494531968665578414e-02,0.000000000000000000e+00,0.000000000000000000e+00,0.000000000000000000e+00,0.000000000000000000e+00,0.000000000000000000e+00,-2.397566605624164293e-01,0.000000000000000000e+00,0.000000000000000000e+00,0.000000000000000000e+00,8.291366251959730871e-02,0.000000000000000000e+00
0.000000000000000000e+00,0.000000000000000000e+00,0.000000000000000000e+00,-1.647826898827758346e-01,0.000000000000000000e+00,0.000000000000000000e+00,0.000000000000000000e+00,0.000000000000000000e+00,0.000000000000000000e+00,-3.380714478151095048e-03,0.000000000000000000e+00,0.000000000000000000e+00,0.000000000000000000e+00,0.000000000000000000e+00,0.000000000000000000e+00,0.000000000000000000e+00,0.000000000000000000e+00,0.000000000000000000e+00,1.160082910739890644e-01,-9.940533445353175179e-02
0.000000000000000000e+00,0.000000000000000000e+00,0.000000000000000000e+00,0.000000000000000000e+00,6.581127114998042149e-02,0.000000000000000000e+00,0.000000000000000000e+00,0.000000000000000000e+00,0.000000000000000000e+00,0.000000000000000000e+00,8.544896766875653693e-02,0.000000000000000000e+00,0.000000000000000000e+00,0.000000000000000000e+00,0.000000000000000000e+00,0.000000000000000000e+00,2.971105118278926094e-01,0.000000000000000000e+00,0.000000000000000000e+00,0.000000000000000000e+00
0.000000000000000000e+00,0.000000000000000000e+00,0.000000000000000000e+00,0.000000000000000000e+00,0.000000000000000000e+00,7.494531968665578414e-02,0.000000000000000000e+00,0.000000000000000000e+00,0.000000000000000000e+00,0.000000000000000000e+00,0.000000000000000000e+00,0.000000000000000000e+00,1.887635514501203593e-01,0.000000000000000000e+00,0.000000000000000000e+00,1.536492454651001982e-01,0.000000000000000000e+00,8.218554436869192348e-02,-1.866901368488696478e-02,0.000000000000000000e+00
0.000000000000000000e+00,0.000000000000000000e+00,0.000000000000000000e+00,0.000000000000000000e+00,0.000000000000000000e+00,0.000000000000000000e+00,-3.380714478151095048e-03,0.000000000000000000e+00,0.000000000000000000e+00,0.000000000000000000e+00,0.000000000000000000e+00,0.000000000000000000e+00,6.921474003927254037e-02,0.000000000000000000e+00,0.000000000000000000e+00,2.047396692963016421e-02,-2.856710188463815192e-02,0.000000000000000000e+00,0.000000000000000000e+00,0.000000000000000000e+00
0.000000000000000000e+00,-4.575228288332122695e-03,1.573224994420148737e-01,0.000000000000000000e+00,-1.431745178919958672e-01,0.000000000000000000e+00,0.000000000000000000e+00,8.544896766875653693e-02,0.000000000000000000e+00,0.000000000000000000e+00,0.000000000000000000e+00,0.000000000000000000e+00,0.000000000000000000e+00,0.000000000000000000e+00,0.000000000000000000e+00,0.000000000000000000e+00,0.000000000000000000e+00,0.000000000000000000e+00,0.000000000000000000e+00,0.000000000000000000e+00
0.000000000000000000e+00,-1.675598442625159112e-03,0.000000000000000000e+00,-8.349400093728781558e-03,0.000000000000000000e+00,0.000000000000000000e+00,0.000000000000000000e+00,0.000000000000000000e+00,0.000000000000000000e+00,0.000000000000000000e+00,0.000000000000000000e+00,0.000000000000000000e+00,0.000000000000000000e+00,0.000000000000000000e+00,1.845810560411113299e-01,0.000000000000000000e+00,0.000000000000000000e+00,0.000000000000000000e+00,-1.831207449539108689e-02,0.000000000000000000e+00
0.000000000000000000e+00,0.000000000000000000e+00,0.000000000000000000e+00,9.278890036117516671e-02,0.000000000000000000e+00,0.000000000000000000e+00,0.000000000000000000e+00,0.000000000000000000e+00,1.887635514501203593e-01,6.921474003927254037e-02,0.000000000000000000e+00,0.000000000000000000e+00,0.000000000000000000e+00,0.000000000000000000e+00,0.000000000000000000e+00,0.000000000000000000e+00,0.000000000000000000e+00,0.000000000000000000e+00,2.118633081607028679e-01,0.000000000000000000e+00
-3.175452115963397492e-01,0.000000000000000000e+00,0.000000000000000000e+00,6.040245868148780284e-02,0.000000000000000000e+00,0.000000000000000000e+00,0.000000000000000000e+00,0.000000000000000000e+00,0.000000000000000000e+00,0.000000000000000000e+00,0.000000000000000000e+00,0.000000000000000000e+00,0.000000000000000000e+00,0.000000000000000000e+00,0.000000000000000000e+00,1.426178813770017928e-01,0.000000000000000000e+00,0.000000000000000000e+00,0.000000000000000000e+00,0.000000000000000000e+00
0.000000000000000000e+00,0.000000000000000000e+00,0.000000000000000000e+00,-4.312883867723287801e-01,1.946413569535893617e-01,-2.397566605624164293e-01,0.000000000000000000e+00,0.000000000000000000e+00,0.000000000000000000e+00,0.000000000000000000e+00,0.000000000000000000e+00,1.845810560411113299e-01,0.000000000000000000e+00,0.000000000000000000e+00,0.000000000000000000e+00,6.848731993588648426e-02,0.000000000000000000e+00,0.000000000000000000e+00,0.000000000000000000e+00,0.000000000000000000e+00
0.000000000000000000e+00,0.000000000000000000e+00,0.000000000000000000e+00,0.000000000000000000e+00,0.000000000000000000e+00,0.000000000000000000e+00,0.000000000000000000e+00,0.000000000000000000e+00,1.536492454651001982e-01,2.047396692963016421e-02,0.000000000000000000e+00,0.000000000000000000e+00,0.000000000000000000e+00,1.426178813770017928e-01,6.848731993588648426e-02,0.000000000000000000e+00,5.980314498207998930e-02,0.000000000000000000e+00,-4.954916564020794834e-02,0.000000000000000000e+00
0.000000000000000000e+00,8.989223813095643945e-02,0.000000000000000000e+00,2.436681672755448003e-01,0.000000000000000000e+00,0.000000000000000000e+00,0.000000000000000000e+00,2.971105118278926094e-01,0.000000000000000000e+00,-2.856710188463815192e-02,0.000000000000000000e+00,0.000000000000000000e+00,0.000000000000000000e+00,0.000000000000000000e+00,0.000000000000000000e+00,5.980314498207998930e-02,0.000000000000000000e+00,0.000000000000000000e+00,0.000000000000000000e+00,0.000000000000000000e+00
0.000000000000000000e+00,-1.918527220163664115e-01,0.000000000000000000e+00,-9.010800811366134755e-02,0.000000000000000000e+00,0.000000000000000000e+00,0.000000000000000000e+00,0.000000000000000000e+00,8.218554436869192348e-02,0.000000000000000000e+00,0.000000000000000000e+00,0.000000000000000000e+00,0.000000000000000000e+00,0.000000000000000000e+00,0.000000000000000000e+00,0.000000000000000000e+00,0.000000000000000000e+00,0.000000000000000000e+00,0.000000000000000000e+00,5.888030193093043985e-02
0.000000000000000000e+00,0.000000000000000000e+00,0.000000000000000000e+00,5.517190259866441848e-02,0.000000000000000000e+00,8.291366251959730871e-02,1.160082910739890644e-01,0.000000000000000000e+00,-1.866901368488696478e-02,0.000000000000000000e+00,0.000000000000000000e+00,-1.831207449539108689e-02,2.118633081607028679e-01,0.000000000000000000e+00,0.000000000000000000e+00,-4.954916564020794834e-02,0.000000000000000000e+00,0.000000000000000000e+00,0.000000000000000000e+00,0.000000000000000000e+00
0.000000000000000000e+00,0.000000000000000000e+00,0.000000000000000000e+00,0.000000000000000000e+00,0.000000000000000000e+00,0.000000000000000000e+00,-9.940533445353175179e-02,0.000000000000000000e+00,0.000000000000000000e+00,0.000000000000000000e+00,0.000000000000000000e+00,0.000000000000000000e+00,0.000000000000000000e+00,0.000000000000000000e+00,0.000000000000000000e+00,0.000000000000000000e+00,0.000000000000000000e+00,5.888030193093043985e-02,0.000000000000000000e+00,0.000000000000000000e+00
